driver_id,piloto,position,q1
max_verstappen,Max Verstappen,1,1:33.241
leclerc,Charles Leclerc,2,1:32.774
hamilton,Lewis Hamilton,3,1:32.429
antonelli,Kimi Antonelli,4,1:33.601
norris,Lando Norris,5,1:32.775
russell,George Russell,6,1:33.617
piastri,Oscar Piastri,7,1:33.076
gasly,Pierre Gasly,8,1:33.182
lawson,Liam Lawson,9,1:32.885
arvid_lindblad,Arvid Lindblad,10,1:33.288
hulkenberg,Nico Hülkenberg,11,1:33.147
bearman,Oliver Bearman,12,1:33.356
ocon,Esteban Ocon,13,1:33.803
sainz,Carlos Sainz,14,1:33.774
bortoleto,Gabriel Bortoleto,15,1:34.169
colapinto,Franco Colapinto,16,1:33.261
alonso,Fernando Alonso,17,1:34.223
albon,Alexander Albon,18,1:34.289
stroll,Lance Stroll,19,1:34.946
perez,Sergio Pérez,20,1:35.123
bottas,Valtteri Bottas,21,1:35.984
hadjar,Isack Hadjar,22,